{
    "accuracy": 0.7656702025072324,
    "precision": 0.7732919254658385,
    "recall": 0.7366863905325444,
    "roc_auc": 0.7650413084738193
}